{"RL-003.jpg": [[234, 123, 241, 130, 0.7711714607102683]], "RL-053.jpg": [[352, 390, 367, 405, 0.810498687664042], [352, 159, 367, 173, 0.8942257217847769]], "RL-250.jpg": [], "RL-109.jpg": [], "RL-238.jpg": [], "RL-237.jpg": [], "RL-037.jpg": [], "RL-058.jpg": [[281, 453, 289, 461, 0.8353838582677166], [206, 315, 217, 325, 0.9667143879742305]], "RL-294.jpg": [[445, 234, 449, 239, 0.7559055118110236]], "RL-195.jpg": [[223, 110, 228, 115, 0.7760629921259843], [187, 280, 192, 285, 0.9155905511811023]], "RL-032.jpg": [[260, 402, 269, 412, 0.7874890638670166]], "RL-322.jpg": [], "RL-059.jpg": [[275, 260, 281, 267, 0.912448443944507], [270, 305, 275, 311, 0.999], [210, 321, 215, 326, 0.9146456692913385]], "RL-229.jpg": [[284, 413, 289, 418, 0.8192125984251969], [279, 58, 285, 64, 0.7513123359580053], [235, 329, 241, 334, 0.8698162729658793]], "RL-248.jpg": [], "RL-101.jpg": [[253, 304, 260, 313, 0.720909886264217]], "RL-234.jpg": [[250, 283, 258, 290, 0.9287120359955006]], "RL-076.jpg": [], "RL-103.jpg": [], "RL-163.jpg": [[459, 265, 470, 277, 0.901932712956335], [417, 124, 426, 135, 0.8787878787878788]], "RL-152.jpg": [], "RL-317.jpg": [[223, 556, 233, 565, 0.9118110236220472]], "RL-258.jpg": [[229, 27, 241, 37, 0.8901574803149606]], "RL-023.jpg": [[418, 306, 425, 313, 0.9975895870159087], [414, 288, 419, 292, 0.6251968503937009]], "RL-096.jpg": [[172, 107, 178, 113, 0.834864391951006], [112, 290, 119, 297, 0.7194279286517757]], "RL-240.jpg": [[430, 372, 439, 385, 0.9855306548219934], [393, 382, 402, 392, 0.9885389326334209], [212, 369, 224, 380, 0.9821045096635649], [159, 372, 171, 385, 0.9749141934181305]], "RL-251.jpg": [], "RL-243.jpg": [], "RL-051.jpg": [[275, 470, 282, 477, 0.923509561304837], [272, 96, 277, 102, 0.7671916010498688], [220, 318, 227, 324, 0.8550806149231347]], "RL-029.jpg": [[307, 491, 312, 498, 0.8035995500562431], [303, 435, 309, 444, 0.8885972586759988]], "RL-004.jpg": [], "RL-215.jpg": [[309, 438, 313, 443, 0.5799212598425197], [301, 220, 305, 225, 0.7035433070866142], [265, 360, 269, 365, 0.6775590551181102]], "RL-170.jpg": [], "RL-112.jpg": [[305, 474, 310, 480, 0.805249343832021], [301, 257, 306, 263, 0.7587926509186351]], "RL-222.jpg": [[196, 149, 207, 159, 0.999]], "RL-036.jpg": [[149, 217, 168, 234, 0.8665805319226738]], "RL-236.jpg": [], "RL-200.jpg": [], "RL-129.jpg": [[238, 367, 250, 378, 0.9951682176091625]], "RL-160.jpg": [], "RL-125.jpg": [], "RL-156.jpg": [[338, 427, 342, 432, 0.7000000000000001], [329, 208, 334, 213, 0.9313385826771654], [294, 349, 298, 354, 0.6031496062992125]], "RL-147.jpg": [], "RL-283.jpg": [[159, 303, 164, 307, 0.7578740157480315]], "RL-262.jpg": [], "RL-308.jpg": [[261, 421, 265, 426, 0.6598425196850394]], "RL-275.jpg": [], "RL-159.jpg": [], "RL-228.jpg": [[198, 434, 203, 440, 0.6427821522309711]], "RL-292.jpg": [], "RL-267.jpg": [], "RL-202.jpg": [], "RL-006.jpg": [[3, 385, 18, 400, 0.8708311461067366]], "RL-182.jpg": [[198, 187, 209, 198, 0.8812390186763844], [147, 329, 161, 344, 0.9008998875140607], [149, 331, 159, 340, 0.999]], "RL-316.jpg": [], "RL-186.jpg": [], "RL-305.jpg": [], "RL-026.jpg": [], "RL-086.jpg": [], "RL-082.jpg": [], "RL-164.jpg": [], "RL-269.jpg": [[432, 327, 437, 333, 0.8658792650918635]], "RL-016.jpg": [[178, 232, 183, 237, 0.5650393700787402], [163, 459, 169, 465, 0.9149168853893264]], "RL-052.jpg": [], "RL-110.jpg": [], "RL-217.jpg": [[231, 317, 235, 323, 0.774278215223097], [179, 201, 185, 208, 0.8755155605549306]], "RL-203.jpg": [], "RL-189.jpg": [[302, 494, 309, 502, 0.8630483689538808]], "RL-230.jpg": [], "RL-107.jpg": [[377, 212, 382, 217, 0.5858267716535434], [374, 288, 382, 295, 0.7606861642294713], [372, 378, 377, 384, 0.8551181102362204], [305, 459, 313, 466, 0.6854611923509561]], "RL-098.jpg": [[240, 280, 250, 290, 0.9400787401574803], [240, 238, 248, 246, 0.9105561023622047], [206, 329, 215, 337, 0.84251968503937]], "RL-235.jpg": [], "RL-153.jpg": [], "RL-044.jpg": [[283, 466, 299, 485, 0.8178615830915872], [276, 198, 295, 214, 0.9008754662246167]], "RL-184.jpg": [[375, 407, 385, 420, 0.9504542701393095], [305, 220, 315, 231, 0.8809591982820328], [240, 498, 252, 509, 0.937306132188022], [236, 456, 245, 466, 0.9550306211723535], [212, 267, 224, 281, 0.8997469066366703], [185, 220, 197, 238, 0.8781714785651793]], "RL-141.jpg": [], "RL-241.jpg": [[388, 170, 397, 179, 0.999], [163, 197, 176, 211, 0.9274033053560613]], "RL-260.jpg": [[225, 268, 231, 273, 0.8934383202099737]], "RL-134.jpg": [[263, 277, 272, 285, 0.8605643044619423]], "RL-028.jpg": [[274, 422, 283, 431, 0.9445902595508895], [270, 382, 274, 387, 0.9818897637795276], [262, 252, 269, 259, 0.9811987787240881]], "RL-327.jpg": [], "RL-330.jpg": [], "RL-224.jpg": [], "RL-255.jpg": [], "RL-314.jpg": [], "RL-208.jpg": [], "RL-093.jpg": [[208, 412, 213, 417, 0.8787401574803149], [206, 225, 213, 232, 0.7931865659649687]], "RL-042.jpg": [[441, 429, 447, 433, 0.7421259842519685], [212, 416, 218, 421, 0.7606299212598425], [184, 409, 202, 425, 0.8657316272965879], [142, 339, 162, 357, 0.8786307961504811]], "RL-306.jpg": [[107, 166, 116, 175, 0.958005249343832], [95, 167, 105, 177, 0.9963779527559056], [103, 56, 115, 68, 0.999]], "RL-043.jpg": [[331, 367, 337, 375, 0.7463910761154856], [162, 367, 169, 373, 0.8659542557180353], [94, 296, 107, 307, 0.8517702769671274]], "RL-293.jpg": [], "RL-261.jpg": [[244, 84, 254, 93, 0.9374453193350831], [240, 105, 250, 116, 0.999], [189, 151, 199, 160, 0.9042869641294838]], "RL-104.jpg": [], "RL-270.jpg": [], "RL-253.jpg": [], "RL-133.jpg": [], "RL-191.jpg": [], "RL-105.jpg": [[270, 92, 284, 105, 0.87038158691702], [248, 216, 254, 221, 0.7553805774278215], [241, 294, 247, 299, 0.8698162729658793], [119, 499, 132, 512, 0.8902296976191586]], "RL-015.jpg": [[415, 221, 420, 225, 0.6586614173228347], [252, 389, 260, 397, 0.8398129921259843], [206, 212, 211, 216, 0.686220472440945], [197, 412, 204, 419, 0.7739032620922385], [148, 325, 156, 333, 0.9613681102362205]], "RL-226.jpg": [], "RL-319.jpg": [[282, 157, 292, 169, 0.9961286089238846]], "RL-087.jpg": [], "RL-299.jpg": [[259, 386, 264, 392, 0.737007874015748]], "RL-300.jpg": [], "RL-001.jpg": [[194, 422, 199, 427, 0.8078740157480314], [183, 70, 191, 78, 0.9116633858267716], [155, 317, 162, 324, 0.7181423750602602]], "RL-142.jpg": [], "RL-088.jpg": [], "RL-077.jpg": [], "RL-094.jpg": [[197, 414, 205, 423, 0.871172353455818], [197, 230, 204, 238, 0.8470191226096738]], "RL-225.jpg": [], "RL-040.jpg": [], "RL-320.jpg": [], "RL-041.jpg": [[261, 132, 270, 142, 0.9911636045494313]], "RL-148.jpg": [], "RL-039.jpg": [[189, 88, 205, 101, 0.8945336159903089]], "RL-166.jpg": [], "RL-013.jpg": [], "RL-178.jpg": [[307, 32, 312, 39, 0.8213723284589427], [218, 96, 225, 103, 0.829824843323156]], "RL-116.jpg": [[211, 459, 217, 464, 0.7057742782152231], [163, 360, 168, 366, 0.7958005249343831]], "RL-277.jpg": [], "RL-297.jpg": [], "RL-102.jpg": [], "RL-311.jpg": [], "RL-198.jpg": [], "RL-012.jpg": [[316, 588, 332, 597, 0.999], [144, 507, 158, 522, 0.8380952380952381], [43, 304, 52, 314, 0.999], [36, 192, 47, 202, 0.8876879026485326]], "RL-199.jpg": [], "RL-276.jpg": [], "RL-020.jpg": [], "RL-216.jpg": [[197, 223, 203, 229, 0.742344706911636], [196, 416, 201, 421, 0.8507086614173229], [157, 335, 163, 341, 0.6181102362204725]], "RL-210.jpg": [[247, 406, 252, 412, 0.6879265091863517]], "RL-130.jpg": [[274, 389, 279, 393, 0.8641732283464567], [269, 357, 275, 363, 0.6848206474190727], [267, 268, 273, 275, 0.81214848143982]], "RL-173.jpg": [], "RL-169.jpg": [[210, 352, 224, 368, 0.8149957817772779]], "RL-265.jpg": [[216, 42, 223, 50, 0.8505343082114736], [194, 412, 203, 421, 0.9768640031107223], [138, 324, 146, 331, 0.8658605174353206]], "RL-315.jpg": [], "RL-287.jpg": [], "RL-301.jpg": [], "RL-245.jpg": [[382, 296, 391, 305, 0.999], [232, 348, 249, 360, 0.9328006793268488], [232, 294, 250, 306, 0.8766039661708953]], "RL-097.jpg": [[248, 473, 262, 490, 0.7456494408787137]], "RL-124.jpg": [], "RL-108.jpg": [[323, 563, 334, 575, 0.993676926747793]],