{"RL-155.jpg": [[326, 209, 332, 216, 0.8695163104611924], [291, 350, 296, 355, 0.6551181102362205]], "RL-259.jpg": [[457, 298, 465, 304, 0.9214238845144357], [221, 273, 227, 278, 0.8643044619422572]], "RL-313.jpg": [], "RL-062.jpg": [[200, 467, 207, 474, 0.7001446247790455]], "RL-089.jpg": [[260, 362, 265, 369, 0.8420697412823397]], "RL-002.jpg": [[472, 257, 476, 263, 0.4215879265091863], [224, 401, 234, 410, 0.9086614173228347], [219, 49, 226, 56, 0.8031496062992126], [177, 324, 187, 333, 0.7965879265091864]], "RL-252.jpg": [], "RL-035.jpg": [], "RL-078.jpg": [], "RL-024.jpg": [[271, 139, 280, 147, 0.8447069116360455], [270, 204, 281, 217, 0.8344804801497714]], "RL-069.jpg": [], "RL-071.jpg": [], "RL-131.jpg": [[256, 351, 263, 357, 0.6657292838395201]], "RL-084.jpg": [], "RL-073.jpg": [], "RL-290.jpg": [], "RL-254.jpg": [], "RL-192.jpg": [[234, 55, 240, 61, 0.7045056867891514], [230, 284, 242, 294, 0.9519685039370079], [189, 376, 195, 382, 0.8403324584426947]], "RL-065.jpg": [], "RL-214.jpg": [[457, 220, 462, 225, 0.822992125984252], [197, 437, 203, 442, 0.7706036745406823]], "RL-211.jpg": [], "RL-244.jpg": [[358, 578, 374, 594, 0.83470718503937], [356, 470, 371, 482, 0.8519247594050744], [288, 367, 304, 384, 0.8000521074571562]], "RL-209.jpg": [], "RL-264.jpg": [[206, 386, 214, 393, 0.9393982002249719]], "RL-017.jpg": [[396, 294, 401, 300, 0.7871391076115486], [261, 186, 266, 191, 0.5477165354330709], [252, 205, 256, 212, 0.8742969628796401]], "RL-304.jpg": [], "RL-221.jpg": [], "RL-219.jpg": [[273, 442, 278, 447, 0.7634645669291338], [266, 231, 271, 235, 0.6866141732283465], [231, 366, 235, 371, 0.7362204724409449]], "RL-027.jpg": [[219, 425, 224, 430, 0.8166929133858267]], "RL-106.jpg": [[403, 134, 415, 145, 0.87568599379623], [403, 52, 413, 60, 0.8777559055118109], [377, 258, 383, 263, 0.6971128608923884], [241, 540, 253, 553, 0.780234201494044]], "RL-174.jpg": [[286, 390, 300, 406, 0.8416057367829021]], "RL-318.jpg": [[248, 91, 253, 96, 0.8100787401574803], [213, 303, 217, 308, 0.794488188976378], [209, 253, 214, 257, 0.6082677165354331]], "RL-033.jpg": [], "RL-282.jpg": [[283, 358, 289, 365, 0.7866516685414323]], "RL-220.jpg": [], "RL-114.jpg": [[286, 414, 291, 419, 0.678740157480315], [285, 238, 291, 244, 0.679352580927384], [249, 340, 255, 346, 0.8447069116360455]], "RL-181.jpg": [], "RL-328.jpg": [], "RL-185.jpg": [[183, 5, 190, 13, 0.9299775028121485], [467, 221, 477, 231, 0.7047244094488189], [435, 262, 446, 273, 0.999], [284, 346, 299, 364, 0.8446194225721785], [184, 305, 203, 321, 0.7661883547451305]], "RL-281.jpg": [], "RL-061.jpg": [[373, 359, 384, 377, 0.8932235743259365], [242, 373, 247, 378, 0.8110236220472441]], "RL-303.jpg": [], "RL-067.jpg": [], "RL-117.jpg": [], "RL-111.jpg": [[239, 385, 244, 390, 0.8233070866141733]], "RL-207.jpg": [[306, 463, 320, 476, 0.8734100545124167]], "RL-171.jpg": [[464, 300, 477, 315, 0.6844740561275994], [452, 246, 461, 255, 0.9310780596869835], [328, 325, 337, 334, 0.9272868669194129], [291, 357, 304, 367, 0.87771047849788]], "RL-307.jpg": [], "RL-019.jpg": [[278, 373, 283, 380, 0.8080989876265467], [272, 341, 276, 346, 0.8377952755905512], [229, 139, 233, 144, 0.7200787401574803]], "RL-175.jpg": [[268, 357, 276, 364, 0.9451631046119235]], "RL-009.jpg": [[311, 177, 316, 182, 0.6667716535433071]]}