{"RL-003.jpg": [[233, 122, 240, 130, 0.6958661417322834]], "RL-053.jpg": [[351, 389, 366, 405, 0.7771981627296588], [351, 158, 367, 172, 0.8193194600674916]], "RL-250.jpg": [], "RL-109.jpg": [], "RL-238.jpg": [], "RL-237.jpg": [], "RL-037.jpg": [], "RL-058.jpg": [[280, 452, 288, 460, 0.8984990157480315], [205, 314, 216, 324, 0.945597709377237]], "RL-294.jpg": [[444, 233, 448, 238, 0.821259842519685]], "RL-195.jpg": [[222, 108, 227, 114, 0.8181102362204725]], "RL-032.jpg": [], "RL-322.jpg": [], "RL-059.jpg": [[274, 259, 280, 266, 0.9056992875890513], [274, 197, 279, 202, 0.7159055118110237]], "RL-229.jpg": [[283, 412, 288, 417, 0.9360629921259842], [278, 57, 284, 63, 0.7235345581802275]], "RL-248.jpg": [], "RL-101.jpg": [], "RL-234.jpg": [], "RL-076.jpg": [], "RL-103.jpg": [], "RL-163.jpg": [[416, 123, 425, 134, 0.9040006362841008], [290, 58, 297, 67, 0.7721534808148981]], "RL-152.jpg": [], "RL-317.jpg": [[277, 501, 290, 510, 0.866949323642237], [222, 555, 232, 564, 0.9704286964129484]], "RL-258.jpg": [], "RL-023.jpg": [[413, 287, 418, 291, 0.7385826771653543]], "RL-096.jpg": [[171, 106, 177, 112, 0.8934820647419073], [111, 288, 118, 296, 0.8082114735658043]], "RL-240.jpg": [[392, 381, 401, 391, 0.999], [211, 368, 223, 379, 0.9617633023144834], [158, 371, 170, 384, 0.9257520694528568]], "RL-251.jpg": [[232, 460, 240, 467, 0.7469066366704162]], "RL-243.jpg": [], "RL-051.jpg": [[274, 469, 281, 476, 0.8579463281375542], [271, 95, 276, 101, 0.6797900262467191], [219, 317, 226, 323, 0.8318335208098987]], "RL-029.jpg": [[306, 490, 311, 497, 0.8976377952755905], [302, 434, 308, 443, 0.999]], "RL-004.jpg": [], "RL-215.jpg": [[308, 437, 312, 442, 0.6980314960629922], [300, 219, 304, 224, 0.7708661417322835], [264, 359, 268, 364, 0.7460629921259843]], "RL-170.jpg": [], "RL-112.jpg": [[304, 473, 309, 479, 0.7713910761154856], [299, 256, 305, 262, 0.9634733158355205]], "RL-222.jpg": [[195, 148, 207, 158, 0.8395013123359579]], "RL-036.jpg": [[148, 216, 167, 233, 0.847541503132542]], "RL-236.jpg": [], "RL-200.jpg": [], "RL-129.jpg": [[256, 629, 270, 640, 0.4109827180693323], [237, 366, 249, 377, 0.999]], "RL-160.jpg": [], "RL-125.jpg": [], "RL-156.jpg": [[337, 426, 341, 431, 0.6830708661417323], [328, 207, 333, 213, 0.7708661417322835], [293, 348, 297, 353, 0.7122047244094488]], "RL-147.jpg": [], "RL-283.jpg": [[182, 172, 188, 178, 0.8407699037620296], [158, 301, 163, 306, 0.7203149606299213]], "RL-262.jpg": [], "RL-308.jpg": [[260, 420, 264, 425, 0.6980314960629922]], "RL-275.jpg": [], "RL-159.jpg": [], "RL-228.jpg": [], "RL-292.jpg": [], "RL-267.jpg": [], "RL-202.jpg": [], "RL-006.jpg": [[314, 122, 319, 126, 0.7988188976377953], [2, 384, 17, 399, 0.8749606299212599]], "RL-182.jpg": [[199, 433, 208, 442, 0.9417711674929523], [197, 186, 208, 197, 0.8520205635452592], [148, 330, 158, 339, 0.9586176727909012]], "RL-316.jpg": [], "RL-186.jpg": [], "RL-305.jpg": [], "RL-026.jpg": [], "RL-086.jpg": [], "RL-082.jpg": [], "RL-164.jpg": [], "RL-269.jpg": [[430, 326, 436, 332, 0.8153980752405949]], "RL-016.jpg": [], "RL-052.jpg": [], "RL-110.jpg": [], "RL-217.jpg": [[230, 316, 234, 322, 0.8021653543307087], [178, 200, 184, 207, 0.7950881139857519]], "RL-203.jpg": [], "RL-189.jpg": [], "RL-230.jpg": [], "RL-107.jpg": [[375, 210, 381, 216, 0.7403762029746281], [371, 377, 377, 383, 0.6633858267716536], [304, 457, 312, 465, 0.8154527559055118]], "RL-098.jpg": [[378, 283, 383, 290, 0.8186726659167605], [239, 237, 247, 245, 0.9112942913385826], [204, 328, 214, 336, 0.8686023622047244]], "RL-235.jpg": [], "RL-153.jpg": [], "RL-044.jpg": [[282, 465, 298, 484, 0.8740416493990882]], "RL-184.jpg": [[374, 406, 384, 419, 0.9200484554815263], [304, 219, 314, 230, 0.9605583392984968], [239, 497, 251, 508, 0.9534717251252685], [235, 455, 244, 465, 0.9628171478565178], [211, 266, 223, 280, 0.9673790776152981]], "RL-141.jpg": [], "RL-241.jpg": [[162, 196, 175, 210, 0.8620316691182832]], "RL-260.jpg": [[224, 267, 230, 273, 0.6426071741032371]], "RL-134.jpg": [[262, 604, 267, 610, 0.6217847769028871]], "RL-028.jpg": [[269, 381, 273, 386, 0.8598425196850394]], "RL-327.jpg": [], "RL-330.jpg": [], "RL-224.jpg": [], "RL-255.jpg": [], "RL-314.jpg": [], "RL-208.jpg": [], "RL-093.jpg": [[207, 411, 212, 416, 0.999], [205, 224, 213, 231, 0.8682508436445444]], "RL-042.jpg": [[440, 428, 446, 432, 0.7618110236220472], [211, 415, 217, 420, 0.7251968503937007], [141, 338, 161, 356, 0.9099300087489064]], "RL-306.jpg": [[106, 165, 115, 174, 0.9568387284922718], [94, 166, 104, 176, 0.9847244094488189], [102, 55, 114, 67, 0.9392497812773404]], "RL-043.jpg": [[330, 365, 336, 374, 0.9056576261300671], [161, 366, 168, 372, 0.8385826771653543], [93, 295, 106, 306, 0.8642695886790375]], "RL-293.jpg": [], "RL-261.jpg": [[243, 83, 253, 92, 0.999], [239, 104, 249, 115, 0.999], [188, 150, 198, 160, 0.8470866141732283], [173, 250, 181, 259, 0.816819772528434]], "RL-104.jpg": [], "RL-270.jpg": [], "RL-253.jpg": [], "RL-133.jpg": [], "RL-191.jpg": [], "RL-105.jpg": [[270, 8, 280, 16, 0.9224409448818898], [269, 91, 283, 104, 0.8425629488621615], [240, 293, 246, 299, 0.8335520559930009], [118, 498, 131, 511, 0.8304058146577832]], "RL-015.jpg": [[414, 220, 419, 224, 0.784251968503937], [196, 411, 203, 418, 0.8217901333761851], [147, 324, 155, 332, 0.8964074803149606]], "RL-226.jpg": [], "RL-319.jpg": [[281, 155, 291, 168, 0.9003634161114475]], "RL-087.jpg": [], "RL-299.jpg": [[258, 385, 263, 391, 0.8398950131233596]], "RL-300.jpg": [], "RL-001.jpg": [[193, 421, 198, 426, 0.7325984251968505], [182, 69, 190, 77, 0.9331938976377953]], "RL-142.jpg": [], "RL-088.jpg": [], "RL-077.jpg": [], "RL-094.jpg": [], "RL-225.jpg": [], "RL-040.jpg": [], "RL-320.jpg": [], "RL-041.jpg": [[260, 131, 269, 141, 0.999]], "RL-148.jpg": [], "RL-039.jpg": [[188, 87, 204, 100, 0.856867050272562]], "RL-166.jpg": [], "RL-013.jpg": [], "RL-178.jpg": [[306, 31, 311, 38, 0.7165354330708661], [222, 382, 228, 388, 0.8333333333333333], [217, 94, 224, 102, 0.8655793025871766], [186, 262, 192, 268, 0.8429571303587051]], "RL-116.jpg": [[210, 458, 216, 463, 0.8217847769028871], [162, 359, 167, 365, 0.8976377952755905]], "RL-277.jpg": [], "RL-297.jpg": [], "RL-102.jpg": [], "RL-311.jpg": [], "RL-198.jpg": [], "RL-012.jpg": [[315, 587, 331, 596, 0.9849081364829396], [143, 506, 157, 521, 0.8349831271091114], [42, 303, 51, 313, 0.999], [35, 191, 46, 201, 0.9924838940586972]], "RL-199.jpg": [[254, 90, 258, 96, 0.8139763779527559]], "RL-276.jpg": [], "RL-020.jpg": [], "RL-216.jpg": [[196, 222, 202, 228, 0.865485564304462], [195, 415, 200, 420, 0.721259842519685], [156, 333, 162, 340, 0.7572178477690289]], "RL-210.jpg": [[245, 405, 251, 411, 0.7375328083989502]], "RL-130.jpg": [[273, 388, 278, 392, 0.741732283464567], [268, 356, 274, 362, 0.7594050743657043], [266, 267, 272, 274, 0.8727034120734908]], "RL-173.jpg": [[62, 8, 76, 21, 0.8794669897032101]], "RL-169.jpg": [[209, 351, 223, 367, 0.9440382452193475], [117, 76, 127, 85, 0.9566054243219598]], "RL-265.jpg": [[215, 41, 222, 49, 0.7701068616422947]], "RL-315.jpg": [], "RL-287.jpg": [[272, 420, 278, 427, 0.7650918635170604]], "RL-301.jpg": [], "RL-245.jpg": [[381, 295, 390, 304, 0.999], [231, 347, 248, 359, 0.888837424733673], [231, 293, 249, 305, 0.908902012248469]], "RL-097.jpg": [[247, 472, 261, 489, 0.7939522265599153], [142, 68, 149, 76, 0.8141169853768279], [88, 258, 96, 266, 0.7869094488188977]], "RL-124.jpg": [], "RL-108.jpg": [[322, 562, 333, 574, 0.8526604628966833]], "RL-018.jpg": [[237, 321, 242, 327, 0.7178477690288714]], "RL-095.jpg": [], "RL-054.jpg": [[333, 468, 347, 482, 0.8175317371042905], [325, 169, 338, 184, 0.7979002624671916]], "RL-188.jpg": [], "RL-085.jpg": [], "RL-205.jpg": [[279, 247, 287, 254, 0.8218503937007874]], "RL-050.jpg": [[198, 470, 205, 478, 0.7781214848143981], [126, 337, 134, 346, 0.8934820647419073]], "RL-285.jpg": [[238, 305, 242, 310, 0.912992125984252], [234, 255, 240, 261, 0.8210848643919509]], "RL-284.jpg": [], "RL-005.jpg": [],