{"RL-155.jpg": [[325, 208, 331, 215, 0.9709411323584553], [290, 349, 295, 354, 0.8009448818897638]], "RL-259.jpg": [[220, 272, 226, 277, 0.999]], "RL-313.jpg": [], "RL-062.jpg": [[199, 466, 206, 474, 0.7668728908886389]], "RL-089.jpg": [], "RL-002.jpg": [[470, 256, 475, 262, 0.7824146981627296], [222, 400, 234, 410, 0.7696194225721784], [176, 323, 186, 332, 0.8531058617672791]], "RL-252.jpg": [], "RL-035.jpg": [], "RL-078.jpg": [], "RL-024.jpg": [[270, 138, 279, 146, 0.8536745406824148]], "RL-069.jpg": [], "RL-071.jpg": [], "RL-131.jpg": [[255, 349, 262, 356, 0.7702072955166318]], "RL-084.jpg": [], "RL-073.jpg": [], "RL-290.jpg": [], "RL-254.jpg": [], "RL-192.jpg": [[233, 53, 239, 60, 0.8852643419572553]], "RL-065.jpg": [], "RL-214.jpg": [[456, 219, 461, 225, 0.7721784776902887], [196, 436, 202, 441, 0.7876640419947506]], "RL-211.jpg": [], "RL-244.jpg": [[357, 577, 373, 593, 0.8301550196850394], [355, 469, 370, 481, 0.9041994750656167], [339, 416, 358, 435, 0.7811852465810195], [339, 400, 356, 417, 0.7758766313380377], [287, 366, 303, 383, 0.8355720240852247]], "RL-209.jpg": [], "RL-264.jpg": [[154, 305, 161, 313, 0.8373172103487063]], "RL-017.jpg": [[259, 185, 265, 190, 0.7078740157480315]], "RL-304.jpg": [], "RL-221.jpg": [], "RL-219.jpg": [[272, 441, 277, 446, 0.6803149606299213], [265, 230, 270, 234, 0.8228346456692913], [230, 365, 234, 370, 0.6992125984251968]], "RL-027.jpg": [], "RL-106.jpg": [[402, 51, 412, 59, 0.9757874015748031], [376, 257, 382, 262, 0.8769028871391076], [240, 539, 252, 552, 0.8676054916212396]], "RL-174.jpg": [], "RL-318.jpg": [[247, 90, 252, 95, 0.7146456692913387], [212, 302, 216, 307, 0.9161417322834645], [208, 252, 213, 256, 0.7385826771653543]], "RL-033.jpg": [], "RL-282.jpg": [], "RL-220.jpg": [], "RL-114.jpg": [[285, 413, 290, 419, 0.825984251968504], [284, 237, 290, 243, 0.7414698162729659], [248, 339, 254, 345, 0.8482064741907263]], "RL-181.jpg": [], "RL-328.jpg": [], "RL-185.jpg": [[195, 36, 202, 42, 0.8901387326584177], [434, 261, 445, 272, 0.9578967918266416], [283, 345, 298, 363, 0.8223388743073783], [183, 304, 202, 320, 0.8370026937422297]], "RL-281.jpg": [], "RL-061.jpg": [[372, 358, 383, 376, 0.9267875606458285], [281, 476, 286, 482, 0.7160104986876641], [241, 372, 246, 377, 0.7874015748031497]], "RL-303.jpg": [], "RL-067.jpg": [], "RL-117.jpg": [], "RL-111.jpg": [[238, 384, 244, 389, 0.6477690288713911]], "RL-207.jpg": [[305, 462, 319, 475, 0.9254564333304491], [304, 315, 316, 325, 0.999]], "RL-171.jpg": [[463, 299, 476, 314, 0.7907530789420554], [451, 245, 460, 254, 0.9268980266355594], [327, 324, 336, 333, 0.999], [290, 356, 303, 366, 0.8823137492428831]], "RL-307.jpg": [], "RL-019.jpg": [[277, 372, 282, 379, 0.774578177727784], [271, 340, 276, 345, 0.6377952755905512], [228, 138, 232, 143, 0.7618110236220472]], "RL-175.jpg": [[266, 356, 275, 363, 0.8181477315335582]], "RL-009.jpg": [[310, 176, 315, 181, 0.6292913385826772]]}