{"RL-155.jpg": [[324.66666666666663, 207.66666666666666, 331.66666666666663, 214.66666666666666], [288.66666666666663, 348.6666666666667, 295.3333333333333, 354.6666666666667], [332.33333333333337, 426, 339.0, 432.3333333333333]], "RL-259.jpg": [[220, 272, 226, 278], [223.33333333333331, 315.3333333333333, 228.66666666666666, 320.6666666666667], [258, 378, 263, 383.5]], "RL-313.jpg": [], "RL-062.jpg": [[240.33333333333334, 158.33333333333334, 244.0, 162.0], [216, 259.6666666666667, 219.33333333333331, 263.6666666666667], [220.66666666666669, 296.3333333333333, 224.66666666666666, 300.3333333333333], [242, 348.3333333333333, 246.33333333333334, 352.6666666666667], [197.66666666666669, 465.3333333333333, 206.33333333333331, 473.6666666666667]], "RL-089.jpg": [[223, 313.5, 226, 317.0], [235, 273, 238, 277]], "RL-002.jpg": [[176, 322.6666666666667, 183, 330.0], [217.66666666666669, 47, 226.0, 54.666666666666664], [224.33333333333334, 401.3333333333333, 231.33333333333334, 408.3333333333333]], "RL-252.jpg": [[215.33333333333331, 241.66666666666666, 218.66666666666669, 245.0], [198, 306, 202, 310], [218.33333333333331, 338.3333333333333, 222.0, 343.0]], "RL-035.jpg": [], "RL-078.jpg": [], "RL-024.jpg": [[213, 216, 217.66666666666669, 221], [187, 318.3333333333333, 192, 324.0], [220, 374.3333333333333, 224.66666666666666, 379.6666666666667]], "RL-069.jpg": [], "RL-071.jpg": [], "RL-131.jpg": [], "RL-084.jpg": [], "RL-073.jpg": [], "RL-290.jpg": [], "RL-254.jpg": [], "RL-192.jpg": [[185.33333333333331, 225.33333333333334, 190.66666666666669, 230.33333333333334], [158, 321.3333333333333, 163.66666666666669, 326.6666666666667], [188.66666666666669, 374.6666666666667, 193.66666666666669, 379.3333333333333]], "RL-065.jpg": [], "RL-214.jpg": [[189, 217.66666666666666, 195, 224.0], [152, 358, 157.66666666666669, 364], [196, 435, 202.33333333333331, 441.6666666666667]], "RL-211.jpg": [[224.66666666666666, 304.3333333333333, 228.0, 308.3333333333333], [208, 357, 211.66666666666669, 361.3333333333333], [225, 387.6666666666667, 228, 391.3333333333333]], "RL-244.jpg": [], "RL-209.jpg": [], "RL-264.jpg": [[224, 42.666666666666664, 228.66666666666666, 48.333333333333336], [153.66666666666669, 306, 160.0, 312.3333333333333], [205, 385, 212.33333333333331, 392]], "RL-017.jpg": [[181.66666666666669, 348, 186.0, 352.6666666666667], [212.33333333333331, 403.6666666666667, 217.33333333333331, 409.3333333333333]], "RL-304.jpg": [], "RL-221.jpg": [], "RL-219.jpg": [[264.33333333333337, 228.66666666666666, 270.0, 235.0], [229, 364.3333333333333, 235, 371.3333333333333], [272, 440.3333333333333, 277.66666666666663, 447.0]], "RL-027.jpg": [[169.33333333333331, 350.6666666666667, 175.33333333333331, 357.0], [218.33333333333331, 423.6666666666667, 224.33333333333334, 429.0], [207, 131, 212, 136.33333333333334], [242, 424, 248, 427]], "RL-106.jpg": [[239.33333333333334, 538, 252.33333333333334, 552.3333333333334], [304.66666666666663, 277.6666666666667, 309.66666666666663, 283.0], [309.33333333333337, 320.6666666666667, 314.6666666666667, 326.0], [333.5, 382.5, 338.0, 387.0], [335, 168, 342, 175]], "RL-174.jpg": [[233.33333333333334, 220.66666666666666, 238.0, 225.0], [211, 304.6666666666667, 215.66666666666669, 309.3333333333333], [235, 347.5, 240.5, 352.5]], "RL-318.jpg": [[245.66666666666666, 88.66666666666667, 253.33333333333334, 95.66666666666667], [207.33333333333331, 250, 214.0, 257], [210.66666666666669, 301.3333333333333, 217.33333333333331, 307.0], [252, 375, 258.66666666666663, 380.3333333333333]], "RL-033.jpg": [[232, 311.6666666666667, 237, 316.0], [275, 387, 279, 390]], "RL-282.jpg": [[255.5, 248, 260.0, 252], [244, 308, 247.5, 312], [245, 328, 248, 331], [260, 357, 263.5, 360.5]], "RL-220.jpg": [], "RL-114.jpg": [[283.66666666666663, 236.66666666666666, 290.3333333333333, 243.66666666666666], [247.66666666666666, 338, 254.66666666666666, 345.6666666666667], [284, 412, 290.66666666666663, 418.6666666666667]], "RL-181.jpg": [[194, 275, 197, 279], [199, 258, 202, 262]], "RL-328.jpg": [], "RL-185.jpg": [[236.33333333333334, 149.33333333333334, 244.66666666666666, 157.66666666666666], [216.66666666666669, 263, 224.33333333333334, 271.3333333333333], [219, 299.3333333333333, 227.33333333333334, 307.3333333333333], [249, 353.6666666666667, 257, 361.0], [182, 4, 189, 12], [195, 35, 201, 41], [240, 68, 245, 73], [243, 406, 248, 410], [196, 487, 202, 493], [187, 513, 192, 521], [226, 567, 235, 576]], "RL-281.jpg": [], "RL-061.jpg": [[279.66666666666663, 476.3333333333333, 285.3333333333333, 481.0], [241, 371, 246, 377], [272.5, 226, 278.0, 230.5], [245, 419, 252, 426]], "RL-303.jpg": [], "RL-067.jpg": [], "RL-117.jpg": [[202.5, 313.5, 206.0, 317.0], [216.5, 228, 220.0, 231.5], [219, 339, 222, 343]], "RL-111.jpg": [[238.66666666666666, 272.3333333333333, 242.0, 276.0], [216, 344, 220, 348], [238.66666666666666, 385.3333333333333, 242.33333333333334, 389.0]], "RL-207.jpg": [[184.66666666666669, 316.6666666666667, 189.66666666666669, 322.0]], "RL-171.jpg": [[209.5, 240, 216.5, 250], [205.5, 357, 217.0, 368]], "RL-307.jpg": [[243, 203, 246.66666666666666, 207], [216.66666666666669, 283, 220.0, 287], [244, 329, 248, 333]], "RL-019.jpg": [[227.66666666666666, 137.66666666666666, 233.33333333333334, 143.0], [199.66666666666669, 301.3333333333333, 204.66666666666669, 307.3333333333333], [234.66666666666666, 366.6666666666667, 239.66666666666666, 372.6666666666667]], "RL-175.jpg": [[245.33333333333334, 271.6666666666667, 248.66666666666666, 276.3333333333333], [231.66666666666666, 328.3333333333333, 235.33333333333334, 332.3333333333333], [245.66666666666666, 351, 249.0, 354.6666666666667]], "RL-009.jpg": []}